"Step","mac_fw1b_l12_baseline_s1337:train - train/loss","mac_fw1b_l12_baseline_s1337:train - train/loss__MIN","mac_fw1b_l12_baseline_s1337:train - train/loss__MAX"
"10","11.234375","11.234375","11.234375"
"20","11.09375","11.09375","11.09375"
"30","10.765625","10.765625","10.765625"
"40","10.015625","10.015625","10.015625"
"50","9.28125","9.28125","9.28125"
"60","8.90625","8.90625","8.90625"
"70","8.578125","8.578125","8.578125"
"80","8.453125","8.453125","8.453125"
"90","8.25","8.25","8.25"
"100","8.25","8.25","8.25"
"110","7.9375","7.9375","7.9375"
"120","7.8984375","7.8984375","7.8984375"
"130","7.75","7.75","7.75"
"140","7.65625","7.65625","7.65625"
"150","7.6171875","7.6171875","7.6171875"
"160","7.4375","7.4375","7.4375"
"170","7.4921875","7.4921875","7.4921875"
"180","7.234375","7.234375","7.234375"
"190","7.3203125","7.3203125","7.3203125"
"200","7.171875","7.171875","7.171875"
"210","7.4296875","7.4296875","7.4296875"
"220","7.0546875","7.0546875","7.0546875"
"230","7.0625","7.0625","7.0625"
"240","7.125","7.125","7.125"
"250","6.9296875","6.9296875","6.9296875"
"260","7.015625","7.015625","7.015625"
"270","7.125","7.125","7.125"
"280","7.03125","7.03125","7.03125"
"290","6.7578125","6.7578125","6.7578125"
"300","6.6640625","6.6640625","6.6640625"
"310","6.921875","6.921875","6.921875"
"320","6.7109375","6.7109375","6.7109375"
"330","6.7265625","6.7265625","6.7265625"
"340","6.484375","6.484375","6.484375"
"350","6.640625","6.640625","6.640625"
"360","6.7890625","6.7890625","6.7890625"
"370","6.625","6.625","6.625"
"380","6.71875","6.71875","6.71875"
"390","6.625","6.625","6.625"
"400","6.6015625","6.6015625","6.6015625"
"410","6.4375","6.4375","6.4375"
"420","6.40625","6.40625","6.40625"
"430","6.484375","6.484375","6.484375"
"440","6.40625","6.40625","6.40625"
"450","6.4140625","6.4140625","6.4140625"
"460","6.53125","6.53125","6.53125"
"470","6.4453125","6.4453125","6.4453125"
"480","6.4375","6.4375","6.4375"
"490","6.4296875","6.4296875","6.4296875"
"500","6.2890625","6.2890625","6.2890625"
"510","6.40625","6.40625","6.40625"
"520","6.421875","6.421875","6.421875"
"530","6.125","6.125","6.125"
"540","6.359375","6.359375","6.359375"
"550","6.234375","6.234375","6.234375"
"560","6.125","6.125","6.125"
"570","6.1015625","6.1015625","6.1015625"
"580","6.109375","6.109375","6.109375"
"590","6.0859375","6.0859375","6.0859375"
"600","6.0234375","6.0234375","6.0234375"
"610","6.03125","6.03125","6.03125"
"620","6.0859375","6.0859375","6.0859375"
"630","6.1171875","6.1171875","6.1171875"
"640","6.046875","6.046875","6.046875"
"650","6.1875","6.1875","6.1875"
"660","5.9296875","5.9296875","5.9296875"
"670","6","6","6"
"680","5.921875","5.921875","5.921875"
"690","5.796875","5.796875","5.796875"
"700","5.96875","5.96875","5.96875"
"710","6.0234375","6.0234375","6.0234375"
"720","5.8671875","5.8671875","5.8671875"
"730","5.9375","5.9375","5.9375"
"740","5.8984375","5.8984375","5.8984375"
"750","5.8359375","5.8359375","5.8359375"
"760","5.8125","5.8125","5.8125"
"770","5.9375","5.9375","5.9375"
"780","5.8046875","5.8046875","5.8046875"
"790","5.9921875","5.9921875","5.9921875"
"800","5.7734375","5.7734375","5.7734375"
"810","5.7890625","5.7890625","5.7890625"
"820","5.703125","5.703125","5.703125"
"830","5.765625","5.765625","5.765625"
"840","5.796875","5.796875","5.796875"
"850","5.8671875","5.8671875","5.8671875"
"860","5.7890625","5.7890625","5.7890625"
"870","5.7265625","5.7265625","5.7265625"
"880","5.578125","5.578125","5.578125"
"890","5.6171875","5.6171875","5.6171875"
"900","5.640625","5.640625","5.640625"
"910","5.59375","5.59375","5.59375"
"920","5.6328125","5.6328125","5.6328125"
"930","5.4453125","5.4453125","5.4453125"
"940","5.6640625","5.6640625","5.6640625"
"950","5.71875","5.71875","5.71875"
"960","5.5390625","5.5390625","5.5390625"
"970","5.5390625","5.5390625","5.5390625"
"980","5.7265625","5.7265625","5.7265625"
"990","5.484375","5.484375","5.484375"
"1000","5.4609375","5.4609375","5.4609375"
"1010","5.5390625","5.5390625","5.5390625"
"1020","5.5078125","5.5078125","5.5078125"
"1030","5.5234375","5.5234375","5.5234375"
"1040","5.53125","5.53125","5.53125"
"1050","5.5546875","5.5546875","5.5546875"
"1060","5.5390625","5.5390625","5.5390625"
"1070","5.625","5.625","5.625"
"1080","5.46875","5.46875","5.46875"
"1090","5.453125","5.453125","5.453125"
"1100","5.5546875","5.5546875","5.5546875"
"1110","5.5","5.5","5.5"
"1120","5.4453125","5.4453125","5.4453125"
"1130","5.3359375","5.3359375","5.3359375"
"1140","5.3671875","5.3671875","5.3671875"
"1150","5.3125","5.3125","5.3125"
"1160","5.421875","5.421875","5.421875"
"1170","5.3671875","5.3671875","5.3671875"
"1180","5.2265625","5.2265625","5.2265625"
"1190","5.3125","5.3125","5.3125"
"1200","5.1953125","5.1953125","5.1953125"
"1210","5.3125","5.3125","5.3125"
"1220","5.3828125","5.3828125","5.3828125"
"1230","5.46875","5.46875","5.46875"
"1240","5.296875","5.296875","5.296875"
"1250","5.25","5.25","5.25"
"1260","5.2265625","5.2265625","5.2265625"
"1270","5.1640625","5.1640625","5.1640625"
"1280","5.15625","5.15625","5.15625"
"1290","5.2578125","5.2578125","5.2578125"
"1300","5.3515625","5.3515625","5.3515625"
"1310","5.078125","5.078125","5.078125"
"1320","5.3359375","5.3359375","5.3359375"
"1330","5.28125","5.28125","5.28125"
"1340","5.2265625","5.2265625","5.2265625"
"1350","5.453125","5.453125","5.453125"
"1360","5.3046875","5.3046875","5.3046875"
"1370","5.2421875","5.2421875","5.2421875"
"1380","5.125","5.125","5.125"
"1390","5.3046875","5.3046875","5.3046875"
"1400","5.3046875","5.3046875","5.3046875"
"1410","5.25","5.25","5.25"
"1420","5.1875","5.1875","5.1875"
"1430","5.1796875","5.1796875","5.1796875"
"1440","5.1328125","5.1328125","5.1328125"
"1450","5.15625","5.15625","5.15625"
"1460","5.0078125","5.0078125","5.0078125"
"1470","5.171875","5.171875","5.171875"
"1480","5.15625","5.15625","5.15625"
"1490","5.0625","5.0625","5.0625"
"1500","5.0390625","5.0390625","5.0390625"
"1510","4.9453125","4.9453125","4.9453125"
"1520","5.2734375","5.2734375","5.2734375"
"1530","5.09375","5.09375","5.09375"
"1540","5.125","5.125","5.125"
"1550","5.0859375","5.0859375","5.0859375"
"1560","5.15625","5.15625","5.15625"
"1570","5.0625","5.0625","5.0625"
"1580","5.03125","5.03125","5.03125"
"1590","5.0703125","5.0703125","5.0703125"
"1600","4.9921875","4.9921875","4.9921875"
"1610","5.140625","5.140625","5.140625"
"1620","5.1171875","5.1171875","5.1171875"
"1630","5.0234375","5.0234375","5.0234375"
"1640","5.09375","5.09375","5.09375"
"1650","5.15625","5.15625","5.15625"
"1660","5.140625","5.140625","5.140625"
"1670","5.1640625","5.1640625","5.1640625"
"1680","5.078125","5.078125","5.078125"
"1690","4.9140625","4.9140625","4.9140625"
"1700","5.1171875","5.1171875","5.1171875"
"1710","4.8984375","4.8984375","4.8984375"
"1720","5.2109375","5.2109375","5.2109375"
"1730","4.96875","4.96875","4.96875"
"1740","4.9765625","4.9765625","4.9765625"
"1750","5.0703125","5.0703125","5.0703125"
"1760","5.0234375","5.0234375","5.0234375"
"1770","5.0703125","5.0703125","5.0703125"
"1780","4.90625","4.90625","4.90625"
"1790","5.0078125","5.0078125","5.0078125"
"1800","5.0546875","5.0546875","5.0546875"
"1810","5","5","5"
"1820","4.7578125","4.7578125","4.7578125"
"1830","4.90625","4.90625","4.90625"
"1840","4.9453125","4.9453125","4.9453125"
"1850","4.90625","4.90625","4.90625"
"1860","4.8203125","4.8203125","4.8203125"
"1870","4.9921875","4.9921875","4.9921875"
"1880","4.9140625","4.9140625","4.9140625"
"1890","4.8984375","4.8984375","4.8984375"
"1900","4.921875","4.921875","4.921875"
"1910","4.890625","4.890625","4.890625"
"1920","4.875","4.875","4.875"
"1930","5.015625","5.015625","5.015625"
"1940","4.84375","4.84375","4.84375"
"1950","4.8359375","4.8359375","4.8359375"
"1960","4.7578125","4.7578125","4.7578125"
"1970","5.0078125","5.0078125","5.0078125"
"1980","4.9375","4.9375","4.9375"
"1990","4.953125","4.953125","4.953125"
"2000","4.6640625","4.6640625","4.6640625"
"2010","4.8515625","4.8515625","4.8515625"
"2020","4.8828125","4.8828125","4.8828125"
"2030","4.7734375","4.7734375","4.7734375"
"2040","4.8046875","4.8046875","4.8046875"
"2050","4.8359375","4.8359375","4.8359375"
"2060","4.8828125","4.8828125","4.8828125"
"2070","4.8125","4.8125","4.8125"
"2080","4.90625","4.90625","4.90625"
"2090","4.78125","4.78125","4.78125"
"2100","4.8203125","4.8203125","4.8203125"
"2110","4.8125","4.8125","4.8125"
"2120","4.9140625","4.9140625","4.9140625"
"2130","4.7734375","4.7734375","4.7734375"
"2140","4.859375","4.859375","4.859375"
"2150","4.8515625","4.8515625","4.8515625"
"2160","4.7734375","4.7734375","4.7734375"
"2170","4.859375","4.859375","4.859375"
"2180","4.859375","4.859375","4.859375"
"2190","4.7890625","4.7890625","4.7890625"
"2200","4.765625","4.765625","4.765625"
"2210","4.7421875","4.7421875","4.7421875"
"2220","4.7578125","4.7578125","4.7578125"
"2230","4.8671875","4.8671875","4.8671875"
"2240","4.7578125","4.7578125","4.7578125"
"2250","4.7109375","4.7109375","4.7109375"
"2260","4.8046875","4.8046875","4.8046875"
"2270","4.6640625","4.6640625","4.6640625"
"2280","4.8359375","4.8359375","4.8359375"
"2290","4.75","4.75","4.75"
"2300","4.75","4.75","4.75"
"2310","4.71875","4.71875","4.71875"
"2320","4.7734375","4.7734375","4.7734375"
"2330","4.796875","4.796875","4.796875"
"2340","4.5546875","4.5546875","4.5546875"
"2350","4.7421875","4.7421875","4.7421875"
"2360","4.71875","4.71875","4.71875"
"2370","4.8203125","4.8203125","4.8203125"
"2380","4.5703125","4.5703125","4.5703125"
"2390","4.703125","4.703125","4.703125"
"2400","4.7265625","4.7265625","4.7265625"
"2410","4.703125","4.703125","4.703125"
"2420","4.6640625","4.6640625","4.6640625"
"2430","4.7421875","4.7421875","4.7421875"
"2440","4.6796875","4.6796875","4.6796875"
"2450","4.7578125","4.7578125","4.7578125"
"2460","4.6875","4.6875","4.6875"
"2470","4.6015625","4.6015625","4.6015625"
"2480","4.6875","4.6875","4.6875"
"2490","4.734375","4.734375","4.734375"
"2500","4.625","4.625","4.625"
"2510","4.6015625","4.6015625","4.6015625"
"2520","4.6640625","4.6640625","4.6640625"
"2530","4.6796875","4.6796875","4.6796875"
"2540","4.5546875","4.5546875","4.5546875"
"2550","4.703125","4.703125","4.703125"
"2560","4.671875","4.671875","4.671875"
"2570","4.625","4.625","4.625"
"2580","4.6015625","4.6015625","4.6015625"
"2590","4.6875","4.6875","4.6875"
"2600","4.6015625","4.6015625","4.6015625"
"2610","4.5546875","4.5546875","4.5546875"
"2620","4.5703125","4.5703125","4.5703125"
"2630","4.71875","4.71875","4.71875"
"2640","4.640625","4.640625","4.640625"
"2650","4.6171875","4.6171875","4.6171875"
"2660","4.6953125","4.6953125","4.6953125"
"2670","4.46875","4.46875","4.46875"
"2680","4.5703125","4.5703125","4.5703125"
"2690","4.625","4.625","4.625"
"2700","4.6953125","4.6953125","4.6953125"
"2710","4.71875","4.71875","4.71875"
"2720","4.640625","4.640625","4.640625"
"2730","4.453125","4.453125","4.453125"
"2740","4.5390625","4.5390625","4.5390625"
"2750","4.6328125","4.6328125","4.6328125"
"2760","4.5859375","4.5859375","4.5859375"
"2770","4.5546875","4.5546875","4.5546875"
"2780","4.6015625","4.6015625","4.6015625"
"2790","4.5625","4.5625","4.5625"
"2800","4.5859375","4.5859375","4.5859375"
"2810","4.59375","4.59375","4.59375"
"2820","4.5","4.5","4.5"
"2830","4.5546875","4.5546875","4.5546875"
"2840","4.5234375","4.5234375","4.5234375"
"2850","4.578125","4.578125","4.578125"
"2860","4.5390625","4.5390625","4.5390625"
"2870","4.4609375","4.4609375","4.4609375"
"2880","4.609375","4.609375","4.609375"
"2890","4.609375","4.609375","4.609375"
"2900","4.4375","4.4375","4.4375"
"2910","4.375","4.375","4.375"
"2920","4.375","4.375","4.375"
"2930","4.5","4.5","4.5"
"2940","4.5390625","4.5390625","4.5390625"
"2950","4.5390625","4.5390625","4.5390625"
"2960","4.578125","4.578125","4.578125"
"2970","4.5703125","4.5703125","4.5703125"
"2980","4.5234375","4.5234375","4.5234375"
"2990","4.59375","4.59375","4.59375"
"3000","4.5625","4.5625","4.5625"
"3010","4.5","4.5","4.5"
"3020","4.5703125","4.5703125","4.5703125"
"3030","4.3828125","4.3828125","4.3828125"
"3040","4.4921875","4.4921875","4.4921875"
"3050","4.46875","4.46875","4.46875"
"3060","4.5546875","4.5546875","4.5546875"
"3070","4.671875","4.671875","4.671875"
"3080","4.4375","4.4375","4.4375"
"3090","4.4609375","4.4609375","4.4609375"
"3100","4.5390625","4.5390625","4.5390625"
"3110","4.5","4.5","4.5"
"3120","4.5078125","4.5078125","4.5078125"
"3130","4.4453125","4.4453125","4.4453125"
"3140","4.3984375","4.3984375","4.3984375"
"3150","4.7734375","4.7734375","4.7734375"
"3160","4.4296875","4.4296875","4.4296875"
"3170","4.421875","4.421875","4.421875"
"3180","4.65625","4.65625","4.65625"
"3190","4.40625","4.40625","4.40625"
"3200","4.3671875","4.3671875","4.3671875"
"3210","4.625","4.625","4.625"
"3220","4.5078125","4.5078125","4.5078125"
"3230","4.5546875","4.5546875","4.5546875"
"3240","4.484375","4.484375","4.484375"
"3250","4.4453125","4.4453125","4.4453125"
"3260","4.4296875","4.4296875","4.4296875"
"3270","4.4140625","4.4140625","4.4140625"
"3280","4.46875","4.46875","4.46875"
"3290","4.3671875","4.3671875","4.3671875"
"3300","4.3515625","4.3515625","4.3515625"
"3310","4.359375","4.359375","4.359375"
"3320","4.4296875","4.4296875","4.4296875"
"3330","4.2734375","4.2734375","4.2734375"
"3340","4.46875","4.46875","4.46875"
"3350","4.4140625","4.4140625","4.4140625"
"3360","4.4765625","4.4765625","4.4765625"
"3370","4.4453125","4.4453125","4.4453125"
"3380","4.375","4.375","4.375"
"3390","4.4609375","4.4609375","4.4609375"
"3400","4.3671875","4.3671875","4.3671875"
"3410","4.4140625","4.4140625","4.4140625"
"3420","4.28125","4.28125","4.28125"
"3430","4.390625","4.390625","4.390625"
"3440","4.4296875","4.4296875","4.4296875"
"3450","4.265625","4.265625","4.265625"
"3460","4.4375","4.4375","4.4375"
"3470","4.34375","4.34375","4.34375"
"3480","4.34375","4.34375","4.34375"
"3490","4.3203125","4.3203125","4.3203125"
"3500","4.390625","4.390625","4.390625"
"3510","4.546875","4.546875","4.546875"
"3520","4.4765625","4.4765625","4.4765625"
"3530","4.21875","4.21875","4.21875"
"3540","4.3828125","4.3828125","4.3828125"
"3550","4.3359375","4.3359375","4.3359375"
"3560","4.375","4.375","4.375"
"3570","4.4296875","4.4296875","4.4296875"
"3580","4.3984375","4.3984375","4.3984375"
"3590","4.484375","4.484375","4.484375"
"3600","4.296875","4.296875","4.296875"
"3610","4.34375","4.34375","4.34375"
"3620","4.4375","4.4375","4.4375"
"3630","4.3984375","4.3984375","4.3984375"
"3640","4.3359375","4.3359375","4.3359375"
"3650","4.2890625","4.2890625","4.2890625"
"3660","4.2578125","4.2578125","4.2578125"
"3670","4.2890625","4.2890625","4.2890625"
"3680","4.28125","4.28125","4.28125"
"3690","4.4296875","4.4296875","4.4296875"
"3700","4.2890625","4.2890625","4.2890625"
"3710","4.4296875","4.4296875","4.4296875"
"3720","4.3828125","4.3828125","4.3828125"
"3730","4.3046875","4.3046875","4.3046875"
"3740","4.359375","4.359375","4.359375"
"3750","4.4765625","4.4765625","4.4765625"
"3760","4.2890625","4.2890625","4.2890625"
"3770","4.1953125","4.1953125","4.1953125"
"3780","4.296875","4.296875","4.296875"
"3790","4.265625","4.265625","4.265625"
"3800","4.3046875","4.3046875","4.3046875"
"3810","4.234375","4.234375","4.234375"
"3820","4.421875","4.421875","4.421875"
"3830","4.25","4.25","4.25"
"3840","4.2265625","4.2265625","4.2265625"
"3850","4.2890625","4.2890625","4.2890625"
"3860","4.34375","4.34375","4.34375"
"3870","4.390625","4.390625","4.390625"
"3880","4.3828125","4.3828125","4.3828125"
"3890","4.3125","4.3125","4.3125"
"3900","4.2109375","4.2109375","4.2109375"
"3910","4.3203125","4.3203125","4.3203125"
"3920","4.28125","4.28125","4.28125"
"3930","4.24609375","4.24609375","4.24609375"
"3940","4.2109375","4.2109375","4.2109375"
"3950","4.1875","4.1875","4.1875"
"3960","4.2265625","4.2265625","4.2265625"
"3970","4.421875","4.421875","4.421875"
"3980","4.2890625","4.2890625","4.2890625"
"3990","4.3125","4.3125","4.3125"
"4000","4.1953125","4.1953125","4.1953125"
"4010","4.234375","4.234375","4.234375"
"4020","4.1875","4.1875","4.1875"
"4030","4.171875","4.171875","4.171875"
"4040","4.3046875","4.3046875","4.3046875"
"4050","4.3125","4.3125","4.3125"
"4060","4.25","4.25","4.25"
"4070","4.359375","4.359375","4.359375"
"4080","4.2265625","4.2265625","4.2265625"
"4090","4.296875","4.296875","4.296875"
"4100","4.2421875","4.2421875","4.2421875"
"4110","4.2421875","4.2421875","4.2421875"
"4120","4.3671875","4.3671875","4.3671875"
"4130","4.2109375","4.2109375","4.2109375"
"4140","4.3046875","4.3046875","4.3046875"
"4150","4.2734375","4.2734375","4.2734375"
"4160","4.1953125","4.1953125","4.1953125"
"4170","4.265625","4.265625","4.265625"
"4180","4.22265625","4.22265625","4.22265625"
"4190","4.109375","4.109375","4.109375"
"4200","4.3046875","4.3046875","4.3046875"
"4210","4.296875","4.296875","4.296875"
"4220","4.21875","4.21875","4.21875"
"4230","4.1953125","4.1953125","4.1953125"
"4240","4.1640625","4.1640625","4.1640625"
"4250","4.234375","4.234375","4.234375"
"4260","4.3203125","4.3203125","4.3203125"
"4270","4.2265625","4.2265625","4.2265625"
"4280","4.3125","4.3125","4.3125"
"4290","4.1953125","4.1953125","4.1953125"
"4300","4.2578125","4.2578125","4.2578125"
"4310","4.2109375","4.2109375","4.2109375"
"4320","4.3671875","4.3671875","4.3671875"
"4330","4.125","4.125","4.125"
"4340","4.2734375","4.2734375","4.2734375"
"4350","4.34375","4.34375","4.34375"
"4360","4.1953125","4.1953125","4.1953125"
"4370","4.203125","4.203125","4.203125"
"4380","4.3203125","4.3203125","4.3203125"
"4390","4.1875","4.1875","4.1875"
"4400","4.28125","4.28125","4.28125"
"4410","4.10546875","4.10546875","4.10546875"
"4420","4.1171875","4.1171875","4.1171875"
"4430","4.2109375","4.2109375","4.2109375"
"4440","4.28125","4.28125","4.28125"
"4450","4.2890625","4.2890625","4.2890625"
"4460","4.11328125","4.11328125","4.11328125"
"4470","4.234375","4.234375","4.234375"
"4480","4.23046875","4.23046875","4.23046875"
"4490","4.1015625","4.1015625","4.1015625"
"4500","4.1796875","4.1796875","4.1796875"
"4510","4.171875","4.171875","4.171875"
"4520","4.2109375","4.2109375","4.2109375"
"4530","4.21875","4.21875","4.21875"
"4540","4.1796875","4.1796875","4.1796875"
"4550","4.1171875","4.1171875","4.1171875"
"4560","4.26171875","4.26171875","4.26171875"
"4570","4.08203125","4.08203125","4.08203125"
"4580","4.2578125","4.2578125","4.2578125"
"4590","4.05859375","4.05859375","4.05859375"
"4600","4.16015625","4.16015625","4.16015625"
"4610","4.234375","4.234375","4.234375"
"4620","4.1015625","4.1015625","4.1015625"
"4630","4.07421875","4.07421875","4.07421875"
"4640","4.234375","4.234375","4.234375"
"4650","4.3203125","4.3203125","4.3203125"
"4660","4.0625","4.0625","4.0625"
"4670","4.1640625","4.1640625","4.1640625"
"4680","4.078125","4.078125","4.078125"
"4690","4.19921875","4.19921875","4.19921875"
"4700","4.21875","4.21875","4.21875"
"4710","4.21875","4.21875","4.21875"
"4720","4.1640625","4.1640625","4.1640625"
"4730","4.2265625","4.2265625","4.2265625"
"4740","4.30078125","4.30078125","4.30078125"
"4750","4.09375","4.09375","4.09375"
"4760","4.09765625","4.09765625","4.09765625"
"4770","4.10546875","4.10546875","4.10546875"
"4780","4.265625","4.265625","4.265625"
"4790","4.234375","4.234375","4.234375"
"4800","4.1953125","4.1953125","4.1953125"
"4810","4.2109375","4.2109375","4.2109375"
"4820","4.421875","4.421875","4.421875"
"4830","4.20703125","4.20703125","4.20703125"
"4840","4.1953125","4.1953125","4.1953125"
"4850","4.1640625","4.1640625","4.1640625"
"4860","4.265625","4.265625","4.265625"
"4870","4.2109375","4.2109375","4.2109375"
"4880","4.21875","4.21875","4.21875"
"4890","4.109375","4.109375","4.109375"
"4900","4.015625","4.015625","4.015625"
"4910","4.0859375","4.0859375","4.0859375"
"4920","4.1875","4.1875","4.1875"
"4930","4.2421875","4.2421875","4.2421875"
"4940","4.12890625","4.12890625","4.12890625"
"4950","4.15625","4.15625","4.15625"
"4960","4.234375","4.234375","4.234375"
"4970","4.0703125","4.0703125","4.0703125"
"4980","4.21875","4.21875","4.21875"
"4990","4.15625","4.15625","4.15625"
"5000","4.1171875","4.1171875","4.1171875"
"5010","4.078125","4.078125","4.078125"
"5020","4.1953125","4.1953125","4.1953125"
"5030","4.1875","4.1875","4.1875"
"5040","4.25","4.25","4.25"
"5050","4.171875","4.171875","4.171875"
"5060","4.0625","4.0625","4.0625"
"5070","4.1953125","4.1953125","4.1953125"
"5080","4.078125","4.078125","4.078125"
"5090","4.1015625","4.1015625","4.1015625"
"5100","4.3046875","4.3046875","4.3046875"
"5110","4.06640625","4.06640625","4.06640625"
"5120","4.1796875","4.1796875","4.1796875"
"5130","4.15234375","4.15234375","4.15234375"
"5140","4.046875","4.046875","4.046875"
"5150","4.04296875","4.04296875","4.04296875"
"5160","4.1015625","4.1015625","4.1015625"
"5170","4.125","4.125","4.125"
"5180","4.25","4.25","4.25"
"5190","4.0859375","4.0859375","4.0859375"
"5200","4.07421875","4.07421875","4.07421875"
"5210","4.0625","4.0625","4.0625"
"5220","4.390625","4.390625","4.390625"
"5230","4.1953125","4.1953125","4.1953125"
"5240","4.15625","4.15625","4.15625"
"5250","4.0703125","4.0703125","4.0703125"
"5260","4.21484375","4.21484375","4.21484375"
"5270","4.2421875","4.2421875","4.2421875"
"5280","4.203125","4.203125","4.203125"
"5290","4.109375","4.109375","4.109375"
"5300","4.1171875","4.1171875","4.1171875"
"5310","4.1640625","4.1640625","4.1640625"
"5320","4.1171875","4.1171875","4.1171875"
"5330","4.1875","4.1875","4.1875"
"5340","4.0703125","4.0703125","4.0703125"
"5350","4.10546875","4.10546875","4.10546875"
"5360","4.1640625","4.1640625","4.1640625"
"5370","4.1875","4.1875","4.1875"
"5380","4.19921875","4.19921875","4.19921875"
"5390","4.19140625","4.19140625","4.19140625"
"5400","4.0625","4.0625","4.0625"
"5410","4.0703125","4.0703125","4.0703125"
"5420","4.12109375","4.12109375","4.12109375"
"5430","3.98046875","3.98046875","3.98046875"
"5440","4.078125","4.078125","4.078125"
"5450","4.078125","4.078125","4.078125"
"5460","4.14453125","4.14453125","4.14453125"
"5470","4.234375","4.234375","4.234375"
"5480","4.171875","4.171875","4.171875"
"5490","4.078125","4.078125","4.078125"
"5500","4.01953125","4.01953125","4.01953125"
"5510","3.9296875","3.9296875","3.9296875"
"5520","4.09375","4.09375","4.09375"
"5530","4.078125","4.078125","4.078125"
"5540","4.1953125","4.1953125","4.1953125"
"5550","4.13671875","4.13671875","4.13671875"
"5560","4.046875","4.046875","4.046875"
"5570","4.0234375","4.0234375","4.0234375"
"5580","4.10546875","4.10546875","4.10546875"
"5590","4.03125","4.03125","4.03125"
"5600","4.2109375","4.2109375","4.2109375"
"5610","4.1796875","4.1796875","4.1796875"
"5620","4.046875","4.046875","4.046875"
"5630","4.0859375","4.0859375","4.0859375"
"5640","3.9765625","3.9765625","3.9765625"
"5650","4.0859375","4.0859375","4.0859375"
"5660","4.1328125","4.1328125","4.1328125"
"5670","4.03125","4.03125","4.03125"
"5680","4","4","4"
"5690","4.0234375","4.0234375","4.0234375"
"5700","4.359375","4.359375","4.359375"
"5710","4.046875","4.046875","4.046875"
"5720","4.12109375","4.12109375","4.12109375"
"5730","4.1640625","4.1640625","4.1640625"
"5740","4.11328125","4.11328125","4.11328125"
"5750","4.015625","4.015625","4.015625"
"5760","4.01171875","4.01171875","4.01171875"
"5770","3.9765625","3.9765625","3.9765625"
"5780","4.4375","4.4375","4.4375"
"5790","3.98046875","3.98046875","3.98046875"
"5800","4.1015625","4.1015625","4.1015625"
"5810","3.9296875","3.9296875","3.9296875"
"5820","4.078125","4.078125","4.078125"
"5830","4.0390625","4.0390625","4.0390625"
"5840","4.02734375","4.02734375","4.02734375"
"5850","4.1015625","4.1015625","4.1015625"
"5860","4.0234375","4.0234375","4.0234375"
"5870","4.04296875","4.04296875","4.04296875"
"5880","4.09375","4.09375","4.09375"
"5890","3.92578125","3.92578125","3.92578125"
"5900","4.0546875","4.0546875","4.0546875"
"5910","3.91796875","3.91796875","3.91796875"
"5920","4.0703125","4.0703125","4.0703125"
"5930","4.00390625","4.00390625","4.00390625"
"5940","3.99609375","3.99609375","3.99609375"
"5950","4.01171875","4.01171875","4.01171875"
"5960","4.0703125","4.0703125","4.0703125"
"5970","3.9921875","3.9921875","3.9921875"
"5980","4.09375","4.09375","4.09375"
"5990","3.9921875","3.9921875","3.9921875"
"6000","4.01171875","4.01171875","4.01171875"
"6010","4.0546875","4.0546875","4.0546875"
"6020","3.94921875","3.94921875","3.94921875"
"6030","3.96484375","3.96484375","3.96484375"
"6040","4.0703125","4.0703125","4.0703125"
"6050","4.03125","4.03125","4.03125"
"6060","4.046875","4.046875","4.046875"
"6070","4.01171875","4.01171875","4.01171875"
"6080","4.015625","4.015625","4.015625"
"6090","4.05078125","4.05078125","4.05078125"
"6100","4.0625","4.0625","4.0625"
"6110","3.9140625","3.9140625","3.9140625"
"6120","4.0078125","4.0078125","4.0078125"
"6130","3.91796875","3.91796875","3.91796875"
"6140","4.08984375","4.08984375","4.08984375"
"6150","4.02734375","4.02734375","4.02734375"
"6160","3.94140625","3.94140625","3.94140625"
"6170","4.140625","4.140625","4.140625"
"6180","3.99609375","3.99609375","3.99609375"
"6190","4.0546875","4.0546875","4.0546875"
"6200","4.078125","4.078125","4.078125"
"6210","3.97265625","3.97265625","3.97265625"
"6220","4.0546875","4.0546875","4.0546875"
"6230","3.99609375","3.99609375","3.99609375"
"6240","4.09765625","4.09765625","4.09765625"
"6250","3.91015625","3.91015625","3.91015625"
"6260","3.8984375","3.8984375","3.8984375"
"6270","4.06640625","4.06640625","4.06640625"
"6280","3.94921875","3.94921875","3.94921875"
"6290","4.140625","4.140625","4.140625"
"6300","3.95703125","3.95703125","3.95703125"
"6310","4.01171875","4.01171875","4.01171875"
"6320","3.8828125","3.8828125","3.8828125"
"6330","4","4","4"
"6340","3.95703125","3.95703125","3.95703125"
"6350","4.06640625","4.06640625","4.06640625"
"6360","4.05078125","4.05078125","4.05078125"
"6370","3.9921875","3.9921875","3.9921875"
"6380","4.01171875","4.01171875","4.01171875"
"6390","4.2421875","4.2421875","4.2421875"
"6400","4.01171875","4.01171875","4.01171875"
"6410","3.98828125","3.98828125","3.98828125"
"6420","3.96484375","3.96484375","3.96484375"
"6430","4","4","4"
"6440","3.96875","3.96875","3.96875"
"6450","4.2734375","4.2734375","4.2734375"
"6460","4.05078125","4.05078125","4.05078125"
"6470","3.94140625","3.94140625","3.94140625"
"6480","4.078125","4.078125","4.078125"
"6490","4.046875","4.046875","4.046875"
"6500","4.140625","4.140625","4.140625"
"6510","4.00390625","4.00390625","4.00390625"
"6520","3.97265625","3.97265625","3.97265625"
"6530","4.05078125","4.05078125","4.05078125"
"6540","3.94921875","3.94921875","3.94921875"
"6550","3.88671875","3.88671875","3.88671875"
"6560","4.06640625","4.06640625","4.06640625"
"6570","3.9453125","3.9453125","3.9453125"
"6580","4.046875","4.046875","4.046875"
"6590","3.97265625","3.97265625","3.97265625"
"6600","4.01953125","4.01953125","4.01953125"
"6610","4.03125","4.03125","4.03125"
"6620","4.01171875","4.01171875","4.01171875"
"6630","3.93359375","3.93359375","3.93359375"
"6640","3.9453125","3.9453125","3.9453125"
"6650","4.0703125","4.0703125","4.0703125"
"6660","4.00390625","4.00390625","4.00390625"
"6670","3.8984375","3.8984375","3.8984375"
"6680","3.76953125","3.76953125","3.76953125"
"6690","4.0625","4.0625","4.0625"
"6700","3.96484375","3.96484375","3.96484375"
"6710","3.96875","3.96875","3.96875"
"6720","3.95703125","3.95703125","3.95703125"
"6730","4.0234375","4.0234375","4.0234375"
"6740","4.03515625","4.03515625","4.03515625"
"6750","3.9765625","3.9765625","3.9765625"
"6760","4.05078125","4.05078125","4.05078125"
"6770","3.86328125","3.86328125","3.86328125"
"6780","3.98046875","3.98046875","3.98046875"
"6790","3.984375","3.984375","3.984375"
"6800","4.046875","4.046875","4.046875"
"6810","3.94921875","3.94921875","3.94921875"
"6820","3.91796875","3.91796875","3.91796875"
"6830","3.94140625","3.94140625","3.94140625"
"6840","3.99609375","3.99609375","3.99609375"
"6850","4.0234375","4.0234375","4.0234375"
"6860","3.9296875","3.9296875","3.9296875"
"6870","3.8359375","3.8359375","3.8359375"
"6880","3.9453125","3.9453125","3.9453125"
"6890","3.9140625","3.9140625","3.9140625"
"6900","4.05859375","4.05859375","4.05859375"
"6910","3.9453125","3.9453125","3.9453125"
"6920","3.81640625","3.81640625","3.81640625"
"6930","3.859375","3.859375","3.859375"
"6940","3.9453125","3.9453125","3.9453125"
"6950","3.9609375","3.9609375","3.9609375"
"6960","3.91015625","3.91015625","3.91015625"
"6970","4.0546875","4.0546875","4.0546875"
"6980","3.83984375","3.83984375","3.83984375"
"6990","3.88671875","3.88671875","3.88671875"
"7000","3.921875","3.921875","3.921875"
"7010","3.9296875","3.9296875","3.9296875"
"7020","3.91015625","3.91015625","3.91015625"
"7030","3.8984375","3.8984375","3.8984375"
"7040","4.0234375","4.0234375","4.0234375"
"7050","3.91796875","3.91796875","3.91796875"
"7060","3.9921875","3.9921875","3.9921875"
"7070","3.8515625","3.8515625","3.8515625"
"7080","3.94140625","3.94140625","3.94140625"
"7090","3.9765625","3.9765625","3.9765625"
"7100","3.8671875","3.8671875","3.8671875"
"7110","3.9609375","3.9609375","3.9609375"
"7120","3.90234375","3.90234375","3.90234375"
"7130","3.99609375","3.99609375","3.99609375"
"7140","3.8671875","3.8671875","3.8671875"
"7150","3.86328125","3.86328125","3.86328125"
"7160","3.953125","3.953125","3.953125"
"7170","4.02734375","4.02734375","4.02734375"
"7180","3.90234375","3.90234375","3.90234375"
"7190","3.828125","3.828125","3.828125"
"7200","3.91796875","3.91796875","3.91796875"
"7210","3.91796875","3.91796875","3.91796875"
"7220","3.90234375","3.90234375","3.90234375"
"7230","3.81640625","3.81640625","3.81640625"
"7240","4.04296875","4.04296875","4.04296875"
"7250","3.7578125","3.7578125","3.7578125"
"7260","3.90234375","3.90234375","3.90234375"
"7270","4.015625","4.015625","4.015625"
"7280","3.9375","3.9375","3.9375"
"7290","3.890625","3.890625","3.890625"
"7300","3.90234375","3.90234375","3.90234375"
"7310","3.859375","3.859375","3.859375"
"7320","3.84375","3.84375","3.84375"
"7330","3.84375","3.84375","3.84375"
"7340","4.01953125","4.01953125","4.01953125"
"7350","3.93359375","3.93359375","3.93359375"
"7360","3.9921875","3.9921875","3.9921875"
"7370","3.88671875","3.88671875","3.88671875"
"7380","4.11328125","4.11328125","4.11328125"
"7390","3.90625","3.90625","3.90625"
"7400","3.87890625","3.87890625","3.87890625"
"7410","3.8671875","3.8671875","3.8671875"
"7420","3.8828125","3.8828125","3.8828125"
"7430","3.89453125","3.89453125","3.89453125"
"7440","3.81640625","3.81640625","3.81640625"
"7450","3.83203125","3.83203125","3.83203125"
"7460","3.88671875","3.88671875","3.88671875"
"7470","3.91015625","3.91015625","3.91015625"
"7480","3.89453125","3.89453125","3.89453125"
"7490","3.90234375","3.90234375","3.90234375"
"7500","3.91015625","3.91015625","3.91015625"
"7510","3.8828125","3.8828125","3.8828125"
"7520","3.89453125","3.89453125","3.89453125"
"7530","4.0234375","4.0234375","4.0234375"
"7540","3.90234375","3.90234375","3.90234375"
"7550","4.12890625","4.12890625","4.12890625"
"7560","4.01171875","4.01171875","4.01171875"
"7570","3.95703125","3.95703125","3.95703125"
"7580","3.79296875","3.79296875","3.79296875"
"7590","4.01171875","4.01171875","4.01171875"
"7600","3.88671875","3.88671875","3.88671875"
"7610","3.83984375","3.83984375","3.83984375"
"7620","4.0546875","4.0546875","4.0546875"
"7630","3.96875","3.96875","3.96875"
"7640","3.9296875","3.9296875","3.9296875"
"7650","3.98828125","3.98828125","3.98828125"
"7660","3.90625","3.90625","3.90625"
"7670","3.89453125","3.89453125","3.89453125"
"7680","3.99609375","3.99609375","3.99609375"
"7690","3.96484375","3.96484375","3.96484375"
"7700","3.83203125","3.83203125","3.83203125"
"7710","3.8125","3.8125","3.8125"
"7720","3.79296875","3.79296875","3.79296875"
"7730","3.96875","3.96875","3.96875"
"7740","3.953125","3.953125","3.953125"
"7750","3.96484375","3.96484375","3.96484375"
"7760","4","4","4"
"7770","3.890625","3.890625","3.890625"
"7780","4.04296875","4.04296875","4.04296875"
"7790","3.9296875","3.9296875","3.9296875"
"7800","3.85546875","3.85546875","3.85546875"
"7810","3.87890625","3.87890625","3.87890625"
"7820","3.89453125","3.89453125","3.89453125"
"7830","4.1328125","4.1328125","4.1328125"
"7840","3.87109375","3.87109375","3.87109375"
"7850","3.90234375","3.90234375","3.90234375"
"7860","3.9453125","3.9453125","3.9453125"
"7870","3.859375","3.859375","3.859375"
"7880","3.84375","3.84375","3.84375"
"7890","3.859375","3.859375","3.859375"
"7900","3.77734375","3.77734375","3.77734375"
"7910","3.875","3.875","3.875"
"7920","3.8671875","3.8671875","3.8671875"
"7930","3.85546875","3.85546875","3.85546875"
"7940","4.08203125","4.08203125","4.08203125"
"7950","4.04296875","4.04296875","4.04296875"
"7960","3.90234375","3.90234375","3.90234375"
"7970","4.0078125","4.0078125","4.0078125"
"7980","3.921875","3.921875","3.921875"
"7990","3.77734375","3.77734375","3.77734375"
"8000","3.9296875","3.9296875","3.9296875"
"8010","3.91796875","3.91796875","3.91796875"
"8020","3.8515625","3.8515625","3.8515625"
"8030","3.9375","3.9375","3.9375"
"8040","3.91796875","3.91796875","3.91796875"
"8050","3.9765625","3.9765625","3.9765625"
"8060","4.02734375","4.02734375","4.02734375"
"8070","3.84375","3.84375","3.84375"
"8080","4","4","4"
"8090","3.9453125","3.9453125","3.9453125"
"8100","3.87109375","3.87109375","3.87109375"
"8110","4.04296875","4.04296875","4.04296875"
"8120","3.875","3.875","3.875"
"8130","3.8125","3.8125","3.8125"
"8140","3.76171875","3.76171875","3.76171875"
"8150","3.8828125","3.8828125","3.8828125"
"8160","4.01953125","4.01953125","4.01953125"
"8170","4.12109375","4.12109375","4.12109375"
"8180","3.8671875","3.8671875","3.8671875"
"8190","3.83984375","3.83984375","3.83984375"
"8200","3.80859375","3.80859375","3.80859375"
"8210","3.875","3.875","3.875"
"8220","3.85546875","3.85546875","3.85546875"
"8230","3.91796875","3.91796875","3.91796875"
"8240","3.8125","3.8125","3.8125"
"8250","3.85546875","3.85546875","3.85546875"
"8260","3.90625","3.90625","3.90625"
"8270","4.0546875","4.0546875","4.0546875"
"8280","3.84765625","3.84765625","3.84765625"
"8290","4.11328125","4.11328125","4.11328125"
"8300","3.8203125","3.8203125","3.8203125"
"8310","3.98828125","3.98828125","3.98828125"
"8320","3.97265625","3.97265625","3.97265625"
"8330","3.84765625","3.84765625","3.84765625"
"8340","3.88671875","3.88671875","3.88671875"
"8350","3.71484375","3.71484375","3.71484375"
"8360","3.953125","3.953125","3.953125"
"8370","3.8125","3.8125","3.8125"
"8380","3.89453125","3.89453125","3.89453125"
"8390","3.8125","3.8125","3.8125"
"8400","3.76953125","3.76953125","3.76953125"
"8410","3.84375","3.84375","3.84375"
"8420","3.91015625","3.91015625","3.91015625"
"8430","3.94921875","3.94921875","3.94921875"
"8440","3.8203125","3.8203125","3.8203125"
"8450","3.80078125","3.80078125","3.80078125"
"8460","3.91015625","3.91015625","3.91015625"
"8470","3.87109375","3.87109375","3.87109375"
"8480","4.0703125","4.0703125","4.0703125"
"8490","3.91015625","3.91015625","3.91015625"
"8500","3.953125","3.953125","3.953125"
"8510","3.87109375","3.87109375","3.87109375"
"8520","3.90234375","3.90234375","3.90234375"
"8530","3.80078125","3.80078125","3.80078125"
"8540","3.94140625","3.94140625","3.94140625"
"8550","3.84765625","3.84765625","3.84765625"
"8560","3.9375","3.9375","3.9375"
"8570","3.83984375","3.83984375","3.83984375"
"8580","3.890625","3.890625","3.890625"
"8590","3.875","3.875","3.875"
"8600","3.9296875","3.9296875","3.9296875"
"8610","3.91796875","3.91796875","3.91796875"
"8620","4.08203125","4.08203125","4.08203125"
"8630","3.8046875","3.8046875","3.8046875"
"8640","3.81640625","3.81640625","3.81640625"
"8650","3.8984375","3.8984375","3.8984375"
"8660","4.00390625","4.00390625","4.00390625"
"8670","3.9140625","3.9140625","3.9140625"
"8680","3.8359375","3.8359375","3.8359375"
"8690","3.921875","3.921875","3.921875"
"8700","3.94921875","3.94921875","3.94921875"
"8710","3.8125","3.8125","3.8125"
"8720","3.8203125","3.8203125","3.8203125"
"8730","3.90234375","3.90234375","3.90234375"
"8740","3.8359375","3.8359375","3.8359375"
"8750","3.91015625","3.91015625","3.91015625"
"8760","3.96875","3.96875","3.96875"
"8770","3.97265625","3.97265625","3.97265625"
"8780","3.921875","3.921875","3.921875"
"8790","3.875","3.875","3.875"
"8800","3.7109375","3.7109375","3.7109375"
"8810","3.8359375","3.8359375","3.8359375"
"8820","3.890625","3.890625","3.890625"
"8830","3.8515625","3.8515625","3.8515625"
"8840","3.88671875","3.88671875","3.88671875"
"8850","3.859375","3.859375","3.859375"
"8860","3.79296875","3.79296875","3.79296875"
"8870","3.859375","3.859375","3.859375"
"8880","3.96484375","3.96484375","3.96484375"
"8890","3.8515625","3.8515625","3.8515625"
"8900","3.98828125","3.98828125","3.98828125"
"8910","3.86328125","3.86328125","3.86328125"
"8920","3.84375","3.84375","3.84375"
"8930","3.80078125","3.80078125","3.80078125"
"8940","3.6640625","3.6640625","3.6640625"
"8950","3.8671875","3.8671875","3.8671875"
"8960","3.8515625","3.8515625","3.8515625"
"8970","3.93359375","3.93359375","3.93359375"
"8980","3.7734375","3.7734375","3.7734375"
"8990","3.8984375","3.8984375","3.8984375"
"9000","3.8984375","3.8984375","3.8984375"
"9010","3.84765625","3.84765625","3.84765625"
"9020","3.984375","3.984375","3.984375"
"9030","3.90234375","3.90234375","3.90234375"
"9040","3.890625","3.890625","3.890625"
"9050","3.890625","3.890625","3.890625"
"9060","3.8515625","3.8515625","3.8515625"
"9070","3.84765625","3.84765625","3.84765625"
"9080","3.89453125","3.89453125","3.89453125"
"9090","3.90234375","3.90234375","3.90234375"
"9100","3.8046875","3.8046875","3.8046875"
"9110","3.8125","3.8125","3.8125"
"9120","3.84765625","3.84765625","3.84765625"
"9130","3.8203125","3.8203125","3.8203125"
"9140","3.94921875","3.94921875","3.94921875"
"9150","3.78125","3.78125","3.78125"
"9160","3.86328125","3.86328125","3.86328125"
"9170","3.8125","3.8125","3.8125"
"9180","3.8046875","3.8046875","3.8046875"
"9190","4.03515625","4.03515625","4.03515625"
"9200","3.89453125","3.89453125","3.89453125"
"9210","3.9765625","3.9765625","3.9765625"
"9220","3.890625","3.890625","3.890625"
"9230","3.8828125","3.8828125","3.8828125"
"9240","3.80078125","3.80078125","3.80078125"
"9250","3.76171875","3.76171875","3.76171875"
"9260","3.9609375","3.9609375","3.9609375"
"9270","4.0234375","4.0234375","4.0234375"
"9280","3.9765625","3.9765625","3.9765625"
"9290","3.93359375","3.93359375","3.93359375"
"9300","3.7109375","3.7109375","3.7109375"
"9310","3.87109375","3.87109375","3.87109375"
"9320","3.953125","3.953125","3.953125"
"9330","3.96875","3.96875","3.96875"
"9340","3.87890625","3.87890625","3.87890625"
"9350","3.8203125","3.8203125","3.8203125"
"9360","4.046875","4.046875","4.046875"
"9370","3.875","3.875","3.875"
"9380","3.96875","3.96875","3.96875"
"9390","3.953125","3.953125","3.953125"
"9400","3.67578125","3.67578125","3.67578125"
"9410","3.98046875","3.98046875","3.98046875"
"9420","3.85546875","3.85546875","3.85546875"
"9430","3.91015625","3.91015625","3.91015625"
"9440","4","4","4"
"9450","3.703125","3.703125","3.703125"
"9460","3.91015625","3.91015625","3.91015625"
"9470","3.82421875","3.82421875","3.82421875"
"9480","3.8359375","3.8359375","3.8359375"
"9490","3.84765625","3.84765625","3.84765625"
"9500","3.96875","3.96875","3.96875"
"9510","3.85546875","3.85546875","3.85546875"
"9520","3.90625","3.90625","3.90625"
"9530","3.828125","3.828125","3.828125"
"9540","3.90625","3.90625","3.90625"
"9550","3.88671875","3.88671875","3.88671875"
"9560","3.8515625","3.8515625","3.8515625"
"9570","3.890625","3.890625","3.890625"
"9580","3.71484375","3.71484375","3.71484375"
"9590","3.96875","3.96875","3.96875"
"9600","4.00390625","4.00390625","4.00390625"
"9610","3.80859375","3.80859375","3.80859375"
"9620","3.87109375","3.87109375","3.87109375"
"9630","3.765625","3.765625","3.765625"
"9640","3.85546875","3.85546875","3.85546875"
"9650","3.96875","3.96875","3.96875"
"9660","3.9453125","3.9453125","3.9453125"
"9670","3.9765625","3.9765625","3.9765625"
"9680","3.765625","3.765625","3.765625"
"9690","3.80859375","3.80859375","3.80859375"
"9700","3.9296875","3.9296875","3.9296875"
"9710","3.92578125","3.92578125","3.92578125"
"9720","3.86328125","3.86328125","3.86328125"
"9730","3.76953125","3.76953125","3.76953125"
"9740","3.875","3.875","3.875"
"9750","3.94140625","3.94140625","3.94140625"
"9760","3.8671875","3.8671875","3.8671875"
"9770","3.890625","3.890625","3.890625"
"9780","3.87109375","3.87109375","3.87109375"
"9790","3.90625","3.90625","3.90625"
"9800","3.828125","3.828125","3.828125"
"9810","3.921875","3.921875","3.921875"
"9820","3.921875","3.921875","3.921875"
"9830","3.90625","3.90625","3.90625"
"9840","3.85546875","3.85546875","3.85546875"
"9850","3.97265625","3.97265625","3.97265625"
"9860","3.8359375","3.8359375","3.8359375"
"9870","3.76953125","3.76953125","3.76953125"
"9880","3.86328125","3.86328125","3.86328125"
"9890","3.7265625","3.7265625","3.7265625"
"9900","3.89453125","3.89453125","3.89453125"
"9910","3.796875","3.796875","3.796875"
"9920","3.8125","3.8125","3.8125"
"9930","3.8828125","3.8828125","3.8828125"
"9940","3.8125","3.8125","3.8125"
"9950","3.8515625","3.8515625","3.8515625"
"9960","3.82421875","3.82421875","3.82421875"
"9970","3.81640625","3.81640625","3.81640625"
"9980","3.9921875","3.9921875","3.9921875"
"9990","3.890625","3.890625","3.890625"
"10000","3.875","3.875","3.875"